期次,期号,标题,作者,日期,来源,字数,PDF路径,原文链接
2026年第1期,1,本期导读,,,,,F:\WorkBuddy\2026-07-21-06-30-02\qiushi_2026\pdf\issue_2026_01\本期导读.pdf,https://www.qstheory.cn/20251231/1cf9965e0a124fb6b21a51ee4beddd59/c.html
2026年第1期,1,学习好贯彻好党的二十届四中全会精神,,,,,F:\WorkBuddy\2026-07-21-06-30-02\qiushi_2026\pdf\issue_2026_01\学习好贯彻好党的二十届四中全会精神.pdf,https://www.qstheory.cn/20251231/89d6ae15de5d48039f63ad4888aeda98/c.html
2026年第1期,1,确保“十五五”战略擘画落地生效,,,,,F:\WorkBuddy\2026-07-21-06-30-02\qiushi_2026\pdf\issue_2026_01\确保“十五五”战略擘画落地生效.pdf,https://www.qstheory.cn/20251231/84b313f696974075a90e9e52e201cbf2/c.html
2026年第1期,1,以高质量发展全面推进中国式现代化,,,,,F:\WorkBuddy\2026-07-21-06-30-02\qiushi_2026\pdf\issue_2026_01\以高质量发展全面推进中国式现代化.pdf,https://www.qstheory.cn/20251231/62bf5bcd2ced4074a0d1a614c0264fff/c.html
2026年第1期,1,以党的自我革命引领经济社会发展,,,,,F:\WorkBuddy\2026-07-21-06-30-02\qiushi_2026\pdf\issue_2026_01\以党的自我革命引领经济社会发展.pdf,https://www.qstheory.cn/20251231/04238968206f4a858ce289f113f450be/c.html
2026年第1期,1,社论：实干笃行开好局,,,,,F:\WorkBuddy\2026-07-21-06-30-02\qiushi_2026\pdf\issue_2026_01\社论：实干笃行开好局.pdf,https://www.qstheory.cn/20251231/81b5ebca30bf4320927486806ac085d6/c.html
2026年第1期,1,改善和稳定房地产市场预期,,,,,F:\WorkBuddy\2026-07-21-06-30-02\qiushi_2026\pdf\issue_2026_01\改善和稳定房地产市场预期.pdf,https://www.qstheory.cn/20251231/f3cb83eb629f452ebf1fdbc0294557be/c.html
2026年第1期,1,体系化学理化研究阐释│,,,,,F:\WorkBuddy\2026-07-21-06-30-02\qiushi_2026\pdf\issue_2026_01\体系化学理化研究阐释│.pdf,https://www.qstheory.cn/20251231/47bdd45d820648199d38f9251b7b9076/c.html
2026年第1期,1,坚定不移扩大高水平对外开放,,,,,F:\WorkBuddy\2026-07-21-06-30-02\qiushi_2026\pdf\issue_2026_01\坚定不移扩大高水平对外开放.pdf,https://www.qstheory.cn/20251231/1a186ec721004ee186ebc3f01b743b08/c.html
2026年第1期,1,大力发展全过程人民民主 坚持好完善好运行好人民代表大会制度,,,,,F:\WorkBuddy\2026-07-21-06-30-02\qiushi_2026\pdf\issue_2026_01\大力发展全过程人民民主_坚持好完善好运行好人民代表大会制度.pdf,https://www.qstheory.cn/20251231/716323d74c82486db53510ec068474fa/c.html
2026年第1期,1,求是专访│如何以“场景”助力高质量发展,,,,,F:\WorkBuddy\2026-07-21-06-30-02\qiushi_2026\pdf\issue_2026_01\求是专访│如何以“场景”助力高质量发展.pdf,https://www.qstheory.cn/20251231/18ec77b7dded4aa799e537c6068f8050/c.html
2026年第1期,1,深度调研│布楞沟村调查：脱贫村全面振兴之路,,,,,F:\WorkBuddy\2026-07-21-06-30-02\qiushi_2026\pdf\issue_2026_01\深度调研│布楞沟村调查：脱贫村全面振兴之路.pdf,https://www.qstheory.cn/20251231/ca18aa50994a41fcb108f49567903ed0/c.html
2026年第1期,1,以制度之力助推书香中国建设,,,,,F:\WorkBuddy\2026-07-21-06-30-02\qiushi_2026\pdf\issue_2026_01\以制度之力助推书香中国建设.pdf,https://www.qstheory.cn/20251231/1f1a77f53b5141438eca9a4a47822d6d/c.html
2026年第1期,1,文化中国│推动燕赵文化绽放时代新韵,,,,,F:\WorkBuddy\2026-07-21-06-30-02\qiushi_2026\pdf\issue_2026_01\文化中国│推动燕赵文化绽放时代新韵.pdf,https://www.qstheory.cn/20251231/6e60d324e7af4f33a84815c77ef686d6/c.html
2026年第1期,1,《乌蒙深处》：新山乡巨变的时代画卷,,,,,F:\WorkBuddy\2026-07-21-06-30-02\qiushi_2026\pdf\issue_2026_01\《乌蒙深处》：新山乡巨变的时代画卷.pdf,https://www.qstheory.cn/20251231/494ad8f4e6164739b2586f69ac0e2af9/c.html
2026年第1期,1,趋于极端化的日本政治及其危害,,,,,F:\WorkBuddy\2026-07-21-06-30-02\qiushi_2026\pdf\issue_2026_01\趋于极端化的日本政治及其危害.pdf,https://www.qstheory.cn/20251231/1707ac182ddf4472b43e30c2dba76281/c.html
2026年第1期,1,进一步激发干部队伍活力,,,,,F:\WorkBuddy\2026-07-21-06-30-02\qiushi_2026\pdf\issue_2026_01\进一步激发干部队伍活力.pdf,https://www.qstheory.cn/20251231/fa73632aa4184ef4bf08512bc50ac707/c.html
2026年第1期,1,学习问答│为什么要突出科技创新的引领作用,,,,,F:\WorkBuddy\2026-07-21-06-30-02\qiushi_2026\pdf\issue_2026_01\学习问答│为什么要突出科技创新的引领作用.pdf,https://www.qstheory.cn/20251231/0550967f6d0e4b1592f5b5007c329a48/c.html
2026年第1期,1,经济社会发展统计图表：全国粮食生产情况,,,,,F:\WorkBuddy\2026-07-21-06-30-02\qiushi_2026\pdf\issue_2026_01\经济社会发展统计图表：全国粮食生产情况.pdf,https://www.qstheory.cn/20251231/14962130fa4c492ea6e4ed6c18af8da1/c.html
2026年第1期,1,牢记宗旨、服务人民的电力先行官代表（英模人物）,,,,,F:\WorkBuddy\2026-07-21-06-30-02\qiushi_2026\pdf\issue_2026_01\牢记宗旨、服务人民的电力先行官代表（英模人物）.pdf,https://www.qstheory.cn/20251231/98f5b374c17540ae94e6a728d9246bd5/c.html
2026年第2期,2,本期导读,,,,,F:\WorkBuddy\2026-07-21-06-30-02\qiushi_2026\pdf\issue_2026_02\本期导读.pdf,https://www.qstheory.cn/20260115/386e1b441fc04456810661f791f547ab/c.html
2026年第2期,2,在中央城市工作会议上的讲话,,,,,F:\WorkBuddy\2026-07-21-06-30-02\qiushi_2026\pdf\issue_2026_02\在中央城市工作会议上的讲话.pdf,https://www.qstheory.cn/20260115/d3e63b3075754be4a98c172afdf6d9b7/c.html
2026年第2期,2,现代化人民城市怎么建,,,,,F:\WorkBuddy\2026-07-21-06-30-02\qiushi_2026\pdf\issue_2026_02\现代化人民城市怎么建.pdf,https://www.qstheory.cn/20260115/82a475425eef43cba07a6bc6901c0b7c/c.html
2026年第2期,2,高质量推进城市更新,,,,,F:\WorkBuddy\2026-07-21-06-30-02\qiushi_2026\pdf\issue_2026_02\高质量推进城市更新.pdf,https://www.qstheory.cn/20260115/ef3eafd03d754fd58f18acd64815e738/c.html
2026年第2期,2,以人民城市理念引领现代化城市建设,,,,,F:\WorkBuddy\2026-07-21-06-30-02\qiushi_2026\pdf\issue_2026_02\以人民城市理念引领现代化城市建设.pdf,https://www.qstheory.cn/20260115/8a175f5995614785b19779c097764b2e/c.html
2026年第2期,2,在保护中赓续城市历史文脉,,,,,F:\WorkBuddy\2026-07-21-06-30-02\qiushi_2026\pdf\issue_2026_02\在保护中赓续城市历史文脉.pdf,https://www.qstheory.cn/20260115/0f7a294249bb4867ac24e79bc1a70168/c.html
2026年第2期,2,坚定不移把党的自我革命向纵深推进,,,,,F:\WorkBuddy\2026-07-21-06-30-02\qiushi_2026\pdf\issue_2026_02\坚定不移把党的自我革命向纵深推进.pdf,https://www.qstheory.cn/20260115/69fe2a7ad62f4343ae64705525fc0ed3/c.html
2026年第2期,2,体系化学理化研究阐释│坚持正确工作策略和方法,,,,,F:\WorkBuddy\2026-07-21-06-30-02\qiushi_2026\pdf\issue_2026_02\体系化学理化研究阐释│坚持正确工作策略和方法.pdf,https://www.qstheory.cn/20260115/63d466ddd96e45f3af68d053f34a5b90/c.html
2026年第2期,2,求是专访│如何认识和充分挖掘大国经济潜能,,,,,F:\WorkBuddy\2026-07-21-06-30-02\qiushi_2026\pdf\issue_2026_02\求是专访│如何认识和充分挖掘大国经济潜能.pdf,https://www.qstheory.cn/20260115/e7eba009e1444bfea0bd8b43ba441f44/c.html
2026年第2期,2,持续增强民间投资信心和活力,,,,,F:\WorkBuddy\2026-07-21-06-30-02\qiushi_2026\pdf\issue_2026_02\持续增强民间投资信心和活力.pdf,https://www.qstheory.cn/20260115/f9ab8d38db0449ccaac6256820527a99/c.html
2026年第2期,2,以推进国家安全体系和能力现代化护航中国式现代化,,,,,F:\WorkBuddy\2026-07-21-06-30-02\qiushi_2026\pdf\issue_2026_02\以推进国家安全体系和能力现代化护航中国式现代化.pdf,https://www.qstheory.cn/20260115/239c6e024ba843e189f7a53cf54385b0/c.html
2026年第2期,2,推动思想政治工作做在日常落到基层,,,,,F:\WorkBuddy\2026-07-21-06-30-02\qiushi_2026\pdf\issue_2026_02\推动思想政治工作做在日常落到基层.pdf,https://www.qstheory.cn/20260115/234f9c7d95d84a8f8590625021d1c4ca/c.html
2026年第2期,2,文化中国│三晋文化“又日新”,,,,,F:\WorkBuddy\2026-07-21-06-30-02\qiushi_2026\pdf\issue_2026_02\文化中国│三晋文化“又日新”.pdf,https://www.qstheory.cn/20260115/70c9c2ad53d34402be5e932909858546/c.html
2026年第2期,2,微短剧：克“短”向“精”登阶前行,,,,,F:\WorkBuddy\2026-07-21-06-30-02\qiushi_2026\pdf\issue_2026_02\微短剧：克“短”向“精”登阶前行.pdf,https://www.qstheory.cn/20260115/9a861fba32d24261a53dd30b4482aa70/c.html
2026年第2期,2,美国国家安全战略的变与不变,,,,,F:\WorkBuddy\2026-07-21-06-30-02\qiushi_2026\pdf\issue_2026_02\美国国家安全战略的变与不变.pdf,https://www.qstheory.cn/20260115/280cd92f6b144232a8eadf33af712ad9/c.html
2026年第2期,2,深度调研│​田野巡察：对村巡察的积极探索,,,,,F:\WorkBuddy\2026-07-21-06-30-02\qiushi_2026\pdf\issue_2026_02\深度调研│​田野巡察：对村巡察的积极探索.pdf,https://www.qstheory.cn/20260115/b9d649b8b5d343ceba37d3b2a579e099/c.html
2026年第2期,2,党员干部决不能搞小圈子,,,,,F:\WorkBuddy\2026-07-21-06-30-02\qiushi_2026\pdf\issue_2026_02\党员干部决不能搞小圈子.pdf,https://www.qstheory.cn/20260115/950fd7b386364a3fbc0a3f65b85360bf/c.html
2026年第2期,2,经济社会发展统计图表：2024年全国部分派生产业增加值情况,,,,,F:\WorkBuddy\2026-07-21-06-30-02\qiushi_2026\pdf\issue_2026_02\经济社会发展统计图表：2024年全国部分派生产业增加值情况.pdf,https://www.qstheory.cn/20260115/d9d8d7c5357941018ff1763ed6dfeb1a/c.html
2026年第2期,2,2025年“最美医生”（英模人物）,,,,,F:\WorkBuddy\2026-07-21-06-30-02\qiushi_2026\pdf\issue_2026_02\2025年“最美医生”（英模人物）.pdf,https://www.qstheory.cn/20260115/cf2d039f00484f32b5bbce64e0d91bb2/c.html
2026年第3期,3,本期导读,,,,,F:\WorkBuddy\2026-07-21-06-30-02\qiushi_2026\pdf\issue_2026_03\本期导读.pdf,https://www.qstheory.cn/20260131/f987d16efebf4169a42ca8255c3f58fd/c.html
2026年第3期,3,走好中国特色金融发展之路，建设金融强国,,,,,F:\WorkBuddy\2026-07-21-06-30-02\qiushi_2026\pdf\issue_2026_03\走好中国特色金融发展之路，建设金融强国.pdf,https://www.qstheory.cn/20260131/487aa5b5e0804f7ea968118e541b4e91/c.html
2026年第3期,3,习近平总书记这样擘画金融强国建设,,,,,F:\WorkBuddy\2026-07-21-06-30-02\qiushi_2026\pdf\issue_2026_03\习近平总书记这样擘画金融强国建设.pdf,https://www.qstheory.cn/20260131/f48890de3fdc4099968d9a95b0d0b8da/c.html
2026年第3期,3,锚定建设金融强国目标 走好中国特色金融发展之路,,,,,F:\WorkBuddy\2026-07-21-06-30-02\qiushi_2026\pdf\issue_2026_03\锚定建设金融强国目标_走好中国特色金融发展之路.pdf,https://www.qstheory.cn/20260131/6df7acfd82504eeca482ad9d66043870/c.html
2026年第3期,3,着力提升我国金融业竞争力,,,,,F:\WorkBuddy\2026-07-21-06-30-02\qiushi_2026\pdf\issue_2026_03\着力提升我国金融业竞争力.pdf,https://www.qstheory.cn/20260131/9e80673cafc84a018cd4ffafa908cf37/c.html
2026年第3期,3,积极推动物价合理回升,,,,,F:\WorkBuddy\2026-07-21-06-30-02\qiushi_2026\pdf\issue_2026_03\积极推动物价合理回升.pdf,https://www.qstheory.cn/20260131/1ddc49bc8d5747dc9efe716cbadd2186/c.html
2026年第3期,3,以更高标准、更实举措推进全面从严治党 为实现“十五五”时期目标任务提供坚强保障,,,,,F:\WorkBuddy\2026-07-21-06-30-02\qiushi_2026\pdf\issue_2026_03\以更高标准、更实举措推进全面从严治党_为实现“十五五”时期目标任务提供坚强保障.pdf,https://www.qstheory.cn/20260131/65c3a101107146538c8e54118ed92940/c.html
2026年第3期,3,体系化学理化研究阐释│新时代人文经济学的丰富内涵和理论贡献,,,,,F:\WorkBuddy\2026-07-21-06-30-02\qiushi_2026\pdf\issue_2026_03\体系化学理化研究阐释│新时代人文经济学的丰富内涵和理论贡献.pdf,https://www.qstheory.cn/20260131/c1792a5c6a154e0fb19b433c4589afec/c.html
2026年第3期,3,求是专访│怎么看我国经济顶压前行、向新向优,,,,,F:\WorkBuddy\2026-07-21-06-30-02\qiushi_2026\pdf\issue_2026_03\求是专访│怎么看我国经济顶压前行、向新向优.pdf,https://www.qstheory.cn/20260131/49258f0884ef4264bb720f7d8ddbad9b/c.html
2026年第3期,3,推进以县城为重要载体的城镇化建设,,,,,F:\WorkBuddy\2026-07-21-06-30-02\qiushi_2026\pdf\issue_2026_03\推进以县城为重要载体的城镇化建设.pdf,https://www.qstheory.cn/20260131/89b3e5f924364337a942decc9a8d1d75/c.html
2026年第3期,3,深度调研│科技创新：企业如何“唱主角”,,,,,F:\WorkBuddy\2026-07-21-06-30-02\qiushi_2026\pdf\issue_2026_03\深度调研│科技创新：企业如何“唱主角”.pdf,https://www.qstheory.cn/20260131/be086fff0880429e908bb6f6031e1d68/c.html
2026年第3期,3,新时代民族学自主知识体系的构建,,,,,F:\WorkBuddy\2026-07-21-06-30-02\qiushi_2026\pdf\issue_2026_03\新时代民族学自主知识体系的构建.pdf,https://www.qstheory.cn/20260131/069e042413a4462c964eb265ac5404c7/c.html
2026年第3期,3,打牢做好思想政治工作的基本功,,,,,F:\WorkBuddy\2026-07-21-06-30-02\qiushi_2026\pdf\issue_2026_03\打牢做好思想政治工作的基本功.pdf,https://www.qstheory.cn/20260131/64d379bc41184055ac077ad3f7795ee7/c.html
2026年第3期,3,文化中国│河洛文化：传承文脉谱新篇,,,,,F:\WorkBuddy\2026-07-21-06-30-02\qiushi_2026\pdf\issue_2026_03\文化中国│河洛文化：传承文脉谱新篇.pdf,https://www.qstheory.cn/20260131/78625c1a5aa74df1aaaf005aaa7b0d86/c.html
2026年第3期,3,动画电影：打开中国电影发展新空间,,,,,F:\WorkBuddy\2026-07-21-06-30-02\qiushi_2026\pdf\issue_2026_03\动画电影：打开中国电影发展新空间.pdf,https://www.qstheory.cn/20260131/300477ca145144f18ad099b048ccdfa1/c.html
2026年第3期,3,认清“新门罗主义”真面目,,,,,F:\WorkBuddy\2026-07-21-06-30-02\qiushi_2026\pdf\issue_2026_03\认清“新门罗主义”真面目.pdf,https://www.qstheory.cn/20260131/2f620099253a451f839d1f52d7a8ec5f/c.html
2026年第3期,3,领导干部要带头增强法治意识,,,,,F:\WorkBuddy\2026-07-21-06-30-02\qiushi_2026\pdf\issue_2026_03\领导干部要带头增强法治意识.pdf,https://www.qstheory.cn/20260131/c7fafeb7621148d9ad420241a0fb27b0/c.html
2026年第3期,3,谈心谈话不能“走过场”,,,,,F:\WorkBuddy\2026-07-21-06-30-02\qiushi_2026\pdf\issue_2026_03\谈心谈话不能“走过场”.pdf,https://www.qstheory.cn/20260131/97b0a1ddf3674930a59b11282d9e30f1/c.html
2026年第3期,3,警惕三种歪论毒害干部家风 等2则（党刊精选）,,,,,F:\WorkBuddy\2026-07-21-06-30-02\qiushi_2026\pdf\issue_2026_03\警惕三种歪论毒害干部家风_等2则（党刊精选）.pdf,https://www.qstheory.cn/20260131/f78c58b9dcf64fb4a9f3b13b00b57182/c.html
2026年第3期,3,经济社会发展统计图表：2025年1—12月国民经济主要指标,,,,,F:\WorkBuddy\2026-07-21-06-30-02\qiushi_2026\pdf\issue_2026_03\经济社会发展统计图表：2025年1—12月国民经济主要指标.pdf,https://www.qstheory.cn/20260131/93899b9070224f0282fc331244a27ace/c.html
2026年第3期,3,英雄航天员陈冬、陈中瑞、王杰（英模人物）,,,,,F:\WorkBuddy\2026-07-21-06-30-02\qiushi_2026\pdf\issue_2026_03\英雄航天员陈冬、陈中瑞、王杰（英模人物）.pdf,https://www.qstheory.cn/20260131/cd98cc32687f4cb8ad7061c27bc3d4b1/c.html
2026年第4期,4,本期导读,,,,,F:\WorkBuddy\2026-07-21-06-30-02\qiushi_2026\pdf\issue_2026_04\本期导读.pdf,https://www.qstheory.cn/20260214/d67bdd2d75924d28bc11d8ca11bea945/c.html
2026年第4期,4,当前经济工作的重点任务,,,,,F:\WorkBuddy\2026-07-21-06-30-02\qiushi_2026\pdf\issue_2026_04\当前经济工作的重点任务.pdf,https://www.qstheory.cn/20260214/a9022461555c48e6a2f2e4fef36878a9/c.html
2026年第4期,4,开局之年经济工作怎么干,,,,,F:\WorkBuddy\2026-07-21-06-30-02\qiushi_2026\pdf\issue_2026_04\开局之年经济工作怎么干.pdf,https://www.qstheory.cn/20260214/ff193e10db01437f80dd34e7b18d5ee9/c.html
2026年第4期,4,坚持稳中求进、提质增效 努力实现“十五五”良好开局,,,,,F:\WorkBuddy\2026-07-21-06-30-02\qiushi_2026\pdf\issue_2026_04\坚持稳中求进、提质增效_努力实现“十五五”良好开局.pdf,https://www.qstheory.cn/20260214/b644f10623b4485e89c88b33c27b2f31/c.html
2026年第4期,4,当前扩大内需须在供需两侧协同发力,,,,,F:\WorkBuddy\2026-07-21-06-30-02\qiushi_2026\pdf\issue_2026_04\当前扩大内需须在供需两侧协同发力.pdf,https://www.qstheory.cn/20260214/30226dfdbfb846649f942d826f47f056/c.html
2026年第4期,4,促进城乡居民收入稳步增长,,,,,F:\WorkBuddy\2026-07-21-06-30-02\qiushi_2026\pdf\issue_2026_04\促进城乡居民收入稳步增长.pdf,https://www.qstheory.cn/20260214/5f6eae815da849aa94050101184fbfcd/c.html
2026年第4期,4,体系化学理化研究阐释│法治之魂论,,,,,F:\WorkBuddy\2026-07-21-06-30-02\qiushi_2026\pdf\issue_2026_04\体系化学理化研究阐释│法治之魂论.pdf,https://www.qstheory.cn/20260214/f410c8f7798c41e89ed15604d92c4915/c.html
2026年第4期,4,提高民政工作服务民生水平,,,,,F:\WorkBuddy\2026-07-21-06-30-02\qiushi_2026\pdf\issue_2026_04\提高民政工作服务民生水平.pdf,https://www.qstheory.cn/20260214/a76c32cf6c5d4b4cb2151261eadfd112/c.html
2026年第4期,4,求是专访│如何坚持政策支持和改革创新并举,,,,,F:\WorkBuddy\2026-07-21-06-30-02\qiushi_2026\pdf\issue_2026_04\求是专访│如何坚持政策支持和改革创新并举.pdf,https://www.qstheory.cn/20260214/af6f2fd6c71f4f83b0e30604587e3f66/c.html
2026年第4期,4,深度调研│数字产业高质量发展的现实问题与有效路径,,,,,F:\WorkBuddy\2026-07-21-06-30-02\qiushi_2026\pdf\issue_2026_04\深度调研│数字产业高质量发展的现实问题与有效路径.pdf,https://www.qstheory.cn/20260214/33cd445319b64e508d353cb65ff44e9a/c.html
2026年第4期,4,农业农村现代化要抓住农民这个关键,,,,,F:\WorkBuddy\2026-07-21-06-30-02\qiushi_2026\pdf\issue_2026_04\农业农村现代化要抓住农民这个关键.pdf,https://www.qstheory.cn/20260214/e5d87781fdfe4c72b584b857b0531f11/c.html
2026年第4期,4,善于通过科学立法解决新问题,,,,,F:\WorkBuddy\2026-07-21-06-30-02\qiushi_2026\pdf\issue_2026_04\善于通过科学立法解决新问题.pdf,https://www.qstheory.cn/20260214/edd231fb83b4413898627f46a2e6a718/c.html
2026年第4期,4,文化中国│关中文化与时偕行,,,,,F:\WorkBuddy\2026-07-21-06-30-02\qiushi_2026\pdf\issue_2026_04\文化中国│关中文化与时偕行.pdf,https://www.qstheory.cn/20260214/7a61845931b34078a65956da18705c9e/c.html
2026年第4期,4,如何建构中国新闻传播学自主知识体系,,,,,F:\WorkBuddy\2026-07-21-06-30-02\qiushi_2026\pdf\issue_2026_04\如何建构中国新闻传播学自主知识体系.pdf,https://www.qstheory.cn/20260214/7306276f50cb4aa5bc5ad3c31acc823f/c.html
2026年第4期,4,从《太平年》看历史剧创作生产,,,,,F:\WorkBuddy\2026-07-21-06-30-02\qiushi_2026\pdf\issue_2026_04\从《太平年》看历史剧创作生产.pdf,https://www.qstheory.cn/20260214/05682ac63202455999630932cb893290/c.html
2026年第4期,4,怎么看全球产业格局之变,,,,,F:\WorkBuddy\2026-07-21-06-30-02\qiushi_2026\pdf\issue_2026_04\怎么看全球产业格局之变.pdf,https://www.qstheory.cn/20260214/91e2d29ea54a41e2862735e2f0641452/c.html
2026年第4期,4,“新门罗主义”背后的霸权焦虑,,,,,F:\WorkBuddy\2026-07-21-06-30-02\qiushi_2026\pdf\issue_2026_04\“新门罗主义”背后的霸权焦虑.pdf,https://www.qstheory.cn/20260214/be980ec031564c889c09cb89a834a179/c.html
2026年第4期,4,“老好人”做不得,,,,,F:\WorkBuddy\2026-07-21-06-30-02\qiushi_2026\pdf\issue_2026_04\“老好人”做不得.pdf,https://www.qstheory.cn/20260214/1bafcda72f124471a7f08b8635cd13a4/c.html
2026年第4期,4,别拿“请示汇报”当锅甩 等2则（党刊精选）,,,,,F:\WorkBuddy\2026-07-21-06-30-02\qiushi_2026\pdf\issue_2026_04\别拿“请示汇报”当锅甩_等2则（党刊精选）.pdf,https://www.qstheory.cn/20260214/dcd1c6f362084f83853447ba47320804/c.html
2026年第4期,4,经济社会发展统计图表：“农业、农村、农民”领域主要指标,,,,,F:\WorkBuddy\2026-07-21-06-30-02\qiushi_2026\pdf\issue_2026_04\经济社会发展统计图表：“农业、农村、农民”领域主要指标.pdf,https://www.qstheory.cn/20260214/7f1f58a905b84524b21fda5860929764/c.html
2026年第4期,4,“时代楷模”董亦军（英模人物）,,,,,F:\WorkBuddy\2026-07-21-06-30-02\qiushi_2026\pdf\issue_2026_04\“时代楷模”董亦军（英模人物）.pdf,https://www.qstheory.cn/20260214/0c8b4bc88a8f435784af932d182d759d/c.html
2026年第5期,5,本期导读,,,,,F:\WorkBuddy\2026-07-21-06-30-02\qiushi_2026\pdf\issue_2026_05\本期导读.pdf,https://www.qstheory.cn/20260228/4e0fbc6e91ed4deb9f3861cb890a0a34/c.html
2026年第5期,5,让愿担当、敢担当、善担当蔚然成风,,,,,F:\WorkBuddy\2026-07-21-06-30-02\qiushi_2026\pdf\issue_2026_05\让愿担当、敢担当、善担当蔚然成风.pdf,https://www.qstheory.cn/20260228/b5be98bf8eb34c5781a14fbeb3eab546/c.html
2026年第5期,5,在中国式现代化建设中挺膺担当,,,,,F:\WorkBuddy\2026-07-21-06-30-02\qiushi_2026\pdf\issue_2026_05\在中国式现代化建设中挺膺担当.pdf,https://www.qstheory.cn/20260228/7af6ec7764ed4a63a562a6f33c6890b6/c.html
2026年第5期,5,以正确选人用人导向激励干部担当作为,,,,,F:\WorkBuddy\2026-07-21-06-30-02\qiushi_2026\pdf\issue_2026_05\以正确选人用人导向激励干部担当作为.pdf,https://www.qstheory.cn/20260228/67bc8e7ae21b47cdaac68ed7bee7667f/c.html
2026年第5期,5,领导干部要提高担重担难能力,,,,,F:\WorkBuddy\2026-07-21-06-30-02\qiushi_2026\pdf\issue_2026_05\领导干部要提高担重担难能力.pdf,https://www.qstheory.cn/20260228/f81cf18db4e34e3fa46ca37147823050/c.html
2026年第5期,5,以正确政绩观开创中国式现代化新局面,,,,,F:\WorkBuddy\2026-07-21-06-30-02\qiushi_2026\pdf\issue_2026_05\以正确政绩观开创中国式现代化新局面.pdf,https://www.qstheory.cn/20260228/aaa5c4439e54499883e90f3c4cc1aa01/c.html
2026年第5期,5,进一步增强宏观政策取向一致性,,,,,F:\WorkBuddy\2026-07-21-06-30-02\qiushi_2026\pdf\issue_2026_05\进一步增强宏观政策取向一致性.pdf,https://www.qstheory.cn/20260228/59487a407900464d918db8b7f1c29c96/c.html
2026年第5期,5,体系化学理化研究阐释│,,,,,F:\WorkBuddy\2026-07-21-06-30-02\qiushi_2026\pdf\issue_2026_05\体系化学理化研究阐释│.pdf,https://www.qstheory.cn/20260228/69b9637be9f84f98bbe3399eb6ad8d12/c.html
2026年第5期,5,走出一条农业产业化发展的江西路子,,,,,F:\WorkBuddy\2026-07-21-06-30-02\qiushi_2026\pdf\issue_2026_05\走出一条农业产业化发展的江西路子.pdf,https://www.qstheory.cn/20260228/f4bae99f30f749b5b1384f39393170f3/c.html
2026年第5期,5,以高水平数据基础设施助力数字中国建设,,,,,F:\WorkBuddy\2026-07-21-06-30-02\qiushi_2026\pdf\issue_2026_05\以高水平数据基础设施助力数字中国建设.pdf,https://www.qstheory.cn/20260228/b97f48ebe2f74b80b1c0249632f27b73/c.html
2026年第5期,5,着力破解周期性、结构性和体制性问题,,,,,F:\WorkBuddy\2026-07-21-06-30-02\qiushi_2026\pdf\issue_2026_05\着力破解周期性、结构性和体制性问题.pdf,https://www.qstheory.cn/20260228/52496708255342c8a7b1f77665693635/c.html
2026年第5期,5,求是专访│如何做到既“放得活”又“管得好”,,,,,F:\WorkBuddy\2026-07-21-06-30-02\qiushi_2026\pdf\issue_2026_05\求是专访│如何做到既“放得活”又“管得好”.pdf,https://www.qstheory.cn/20260228/583be8f373a6419da2643c00723e4dcc/c.html
2026年第5期,5,深度调研│闽宁协作“海鱼陆养”的探索和启示,,,,,F:\WorkBuddy\2026-07-21-06-30-02\qiushi_2026\pdf\issue_2026_05\深度调研│闽宁协作“海鱼陆养”的探索和启示.pdf,https://www.qstheory.cn/20260228/1d50fcdccee94dffa4cc86d90d5b4ca3/c.html
2026年第5期,5,文化中国│齐鲁文化：千年赓续与时代绽放,,,,,F:\WorkBuddy\2026-07-21-06-30-02\qiushi_2026\pdf\issue_2026_05\文化中国│齐鲁文化：千年赓续与时代绽放.pdf,https://www.qstheory.cn/20260228/e74eef4217a64c63bea0926e432f7fb5/c.html
2026年第5期,5,苔花如米小，也学牡丹开,,,,,F:\WorkBuddy\2026-07-21-06-30-02\qiushi_2026\pdf\issue_2026_05\苔花如米小，也学牡丹开.pdf,https://www.qstheory.cn/20260228/36ba3f06a775428a8abbbf3194c6fe2a/c.html
2026年第5期,5,怎么看全球地缘格局之变,,,,,F:\WorkBuddy\2026-07-21-06-30-02\qiushi_2026\pdf\issue_2026_05\怎么看全球地缘格局之变.pdf,https://www.qstheory.cn/20260228/bf5de6dcc34441779107199d4e7879dc/c.html
2026年第5期,5,中国式现代化和非洲发展之路,,,,,F:\WorkBuddy\2026-07-21-06-30-02\qiushi_2026\pdf\issue_2026_05\中国式现代化和非洲发展之路.pdf,https://www.qstheory.cn/20260228/94aaa791b46c4214bde52fb09b30dac9/c.html
2026年第5期,5,让“两面人”无处遁形,,,,,F:\WorkBuddy\2026-07-21-06-30-02\qiushi_2026\pdf\issue_2026_05\让“两面人”无处遁形.pdf,https://www.qstheory.cn/20260228/30efce38a2c6496baa751399c6fc4a0c/c.html
2026年第5期,5,统计图表：2025年规模以上工业生产主要数据,,,,,F:\WorkBuddy\2026-07-21-06-30-02\qiushi_2026\pdf\issue_2026_05\统计图表：2025年规模以上工业生产主要数据.pdf,https://www.qstheory.cn/20260228/080225ff3dfe49e5a41886adebbc5bed/c.html
2026年第5期,5,“最美铁路人”（英模人物）,,,,,F:\WorkBuddy\2026-07-21-06-30-02\qiushi_2026\pdf\issue_2026_05\“最美铁路人”（英模人物）.pdf,https://www.qstheory.cn/20260228/38e9077a412e432a912c09fda4d3a301/c.html
2026年第6期,6,本期导读,,,,,F:\WorkBuddy\2026-07-21-06-30-02\qiushi_2026\pdf\issue_2026_06\本期导读.pdf,https://www.qstheory.cn/20260314/23e5143fc26348169cee12abe9a55a20/c.html
2026年第6期,6,推动海洋经济高质量发展,,,,,F:\WorkBuddy\2026-07-21-06-30-02\qiushi_2026\pdf\issue_2026_06\推动海洋经济高质量发展.pdf,https://www.qstheory.cn/20260314/eca2335226a84f3f8d583926b70fef9b/c.html
2026年第6期,6,走有中国特色向海图强之路,,,,,F:\WorkBuddy\2026-07-21-06-30-02\qiushi_2026\pdf\issue_2026_06\走有中国特色向海图强之路.pdf,https://www.qstheory.cn/20260314/cb6ee3c958f848e68b53a2eb4671acf3/c.html
2026年第6期,6,坚定不移推动海洋经济高质量发展,,,,,F:\WorkBuddy\2026-07-21-06-30-02\qiushi_2026\pdf\issue_2026_06\坚定不移推动海洋经济高质量发展.pdf,https://www.qstheory.cn/20260314/f21dd6980b5c42c7a342b6a9947eb858/c.html
2026年第6期,6,向海洋要生产力和增长点,,,,,F:\WorkBuddy\2026-07-21-06-30-02\qiushi_2026\pdf\issue_2026_06\向海洋要生产力和增长点.pdf,https://www.qstheory.cn/20260314/4092d70ca0764f6baadcbde939665bf0/c.html
2026年第6期,6,激发海洋经济发展新动能,,,,,F:\WorkBuddy\2026-07-21-06-30-02\qiushi_2026\pdf\issue_2026_06\激发海洋经济发展新动能.pdf,https://www.qstheory.cn/20260314/36c15c5c886d4b958bbec25917a20fde/c.html
2026年第6期,6,凝心聚力奋进中国式现代化,,,,,F:\WorkBuddy\2026-07-21-06-30-02\qiushi_2026\pdf\issue_2026_06\凝心聚力奋进中国式现代化.pdf,https://www.qstheory.cn/20260314/70a1bcaa409e4cb3bfb7c6f72c73694c/c.html
2026年第6期,6,持续做好稳预期工作,,,,,F:\WorkBuddy\2026-07-21-06-30-02\qiushi_2026\pdf\issue_2026_06\持续做好稳预期工作.pdf,https://www.qstheory.cn/20260314/7185809a47054ce587bec7837cfa58b0/c.html
2026年第6期,6,体系化学理化研究阐释│法治价值论,,,,,F:\WorkBuddy\2026-07-21-06-30-02\qiushi_2026\pdf\issue_2026_06\体系化学理化研究阐释│法治价值论.pdf,https://www.qstheory.cn/20260314/30c2a568f8f040ee87591226cec5ea2c/c.html
2026年第6期,6,政绩观问题是一个根本性问题,,,,,F:\WorkBuddy\2026-07-21-06-30-02\qiushi_2026\pdf\issue_2026_06\政绩观问题是一个根本性问题.pdf,https://www.qstheory.cn/20260314/ce1f8c00e03b4e179446da346a39d5c4/c.html
2026年第6期,6,向政绩观错位说“不”,,,,,F:\WorkBuddy\2026-07-21-06-30-02\qiushi_2026\pdf\issue_2026_06\向政绩观错位说“不”.pdf,https://www.qstheory.cn/20260314/86cf338c60094903b3f788cd114b362b/c.html
2026年第6期,6,求是专访│如何坚持投资于物和投资于人紧密结合,,,,,F:\WorkBuddy\2026-07-21-06-30-02\qiushi_2026\pdf\issue_2026_06\求是专访│如何坚持投资于物和投资于人紧密结合.pdf,https://www.qstheory.cn/20260314/a0bd67bde5e94b07bb9dde429c9d3838/c.html
2026年第6期,6,深度调研│传统产业如何焕新升级：天门市纺织服装产业调查,,,,,F:\WorkBuddy\2026-07-21-06-30-02\qiushi_2026\pdf\issue_2026_06\深度调研│传统产业如何焕新升级：天门市纺织服装产业调查.pdf,https://www.qstheory.cn/20260314/ec97bcde0b0a47a6bbb9d9fb9207c846/c.html
2026年第6期,6,大力促进知识产权价值实现,,,,,F:\WorkBuddy\2026-07-21-06-30-02\qiushi_2026\pdf\issue_2026_06\大力促进知识产权价值实现.pdf,https://www.qstheory.cn/20260314/eb3ee750564842e5808069f3e3656ed6/c.html
2026年第6期,6,文化中国│吴越文化润千秋,,,,,F:\WorkBuddy\2026-07-21-06-30-02\qiushi_2026\pdf\issue_2026_06\文化中国│吴越文化润千秋.pdf,https://www.qstheory.cn/20260314/6c14ed1f7eb64e85a5a13fd532b9a5bc/c.html
2026年第6期,6,新时代戏剧艺术如何传承发展,,,,,F:\WorkBuddy\2026-07-21-06-30-02\qiushi_2026\pdf\issue_2026_06\新时代戏剧艺术如何传承发展.pdf,https://www.qstheory.cn/20260314/da695cd01e9845d88d0a49fb56083288/c.html
2026年第6期,6,着力培育理性平和的社会心态,,,,,F:\WorkBuddy\2026-07-21-06-30-02\qiushi_2026\pdf\issue_2026_06\着力培育理性平和的社会心态.pdf,https://www.qstheory.cn/20260314/5c4f2f7f3dff495e83c2a4740948ad79/c.html
2026年第6期,6,怎么看全球贸易格局之变,,,,,F:\WorkBuddy\2026-07-21-06-30-02\qiushi_2026\pdf\issue_2026_06\怎么看全球贸易格局之变.pdf,https://www.qstheory.cn/20260314/2322ff170cca46a9a123b88c6f065e54/c.html
2026年第6期,6,美以伊冲突的深层动因及可能走向,,,,,F:\WorkBuddy\2026-07-21-06-30-02\qiushi_2026\pdf\issue_2026_06\美以伊冲突的深层动因及可能走向.pdf,https://www.qstheory.cn/20260314/b1355f9a70b24d968eed3a8f5b424405/c.html
2026年第6期,6,莫让“待办”成“怠办” 等2则（党刊精选）,,,,,F:\WorkBuddy\2026-07-21-06-30-02\qiushi_2026\pdf\issue_2026_06\莫让“待办”成“怠办”_等2则（党刊精选）.pdf,https://www.qstheory.cn/20260314/f64d23dd5183481c902234cac68ff531/c.html
2026年第6期,6,统计图表：《2025年国民经济和社会发展统计公报》主要指标,,,,,F:\WorkBuddy\2026-07-21-06-30-02\qiushi_2026\pdf\issue_2026_06\统计图表：《2025年国民经济和社会发展统计公报》主要指标.pdf,https://www.qstheory.cn/20260314/3e98017f89f444bca0d5b239e799848a/c.html
2026年第6期,6,2025年“最美基层民警”（英模人物）,,,,,F:\WorkBuddy\2026-07-21-06-30-02\qiushi_2026\pdf\issue_2026_06\2025年“最美基层民警”（英模人物）.pdf,https://www.qstheory.cn/20260314/b263e087b3424c8287b04db4c1899e98/c.html
2026年第7期,7,本期导读,,,,,F:\WorkBuddy\2026-07-21-06-30-02\qiushi_2026\pdf\issue_2026_07\本期导读.pdf,https://www.qstheory.cn/20260331/6e73656e991c45599fe5d33d3e9fe768/c.html
2026年第7期,7,树立和践行正确政绩观,,,,,F:\WorkBuddy\2026-07-21-06-30-02\qiushi_2026\pdf\issue_2026_07\树立和践行正确政绩观.pdf,https://www.qstheory.cn/20260331/904c5f95a8424cd0a5fbfb3f58a67d56/c.html
2026年第7期,7,政绩观一定要对头,,,,,F:\WorkBuddy\2026-07-21-06-30-02\qiushi_2026\pdf\issue_2026_07\政绩观一定要对头.pdf,https://www.qstheory.cn/20260331/cbb474a2743c48eaa8ce103f2c00037b/c.html
2026年第7期,7,为民造福是最大政绩,,,,,F:\WorkBuddy\2026-07-21-06-30-02\qiushi_2026\pdf\issue_2026_07\为民造福是最大政绩.pdf,https://www.qstheory.cn/20260331/8274958fae8141038afbb1b5f6dc5936/c.html
2026年第7期,7,以坚强党性涵养正确政绩观,,,,,F:\WorkBuddy\2026-07-21-06-30-02\qiushi_2026\pdf\issue_2026_07\以坚强党性涵养正确政绩观.pdf,https://www.qstheory.cn/20260331/3c7515bdf6c7440d819bbfbde8715455/c.html
2026年第7期,7,以正确政绩观推动高质量发展,,,,,F:\WorkBuddy\2026-07-21-06-30-02\qiushi_2026\pdf\issue_2026_07\以正确政绩观推动高质量发展.pdf,https://www.qstheory.cn/20260331/9ab4cfc67b4e4a1798a6f0d10213966a/c.html
2026年第7期,7,积极推动进出口平衡发展,,,,,F:\WorkBuddy\2026-07-21-06-30-02\qiushi_2026\pdf\issue_2026_07\积极推动进出口平衡发展.pdf,https://www.qstheory.cn/20260331/2224116a00f940c09f8d34b1d388eda1/c.html
2026年第7期,7,体系化学理化研究阐释│法治体系论,,,,,F:\WorkBuddy\2026-07-21-06-30-02\qiushi_2026\pdf\issue_2026_07\体系化学理化研究阐释│法治体系论.pdf,https://www.qstheory.cn/20260331/76b311c21aa04b38b4f23cb939403f52/c.html
2026年第7期,7,求是专访│如何以苦练内功来应对外部挑战,,,,,F:\WorkBuddy\2026-07-21-06-30-02\qiushi_2026\pdf\issue_2026_07\求是专访│如何以苦练内功来应对外部挑战.pdf,https://www.qstheory.cn/20260331/62e96e2deb054e38929a26f9fec0f4ad/c.html
2026年第7期,7,深度调研│游出经济新活力：2026年春节旅游市场调查,,,,,F:\WorkBuddy\2026-07-21-06-30-02\qiushi_2026\pdf\issue_2026_07\深度调研│游出经济新活力：2026年春节旅游市场调查.pdf,https://www.qstheory.cn/20260331/800c7d1d340542d880626d88af524930/c.html
2026年第7期,7,着力打造新兴支柱产业,,,,,F:\WorkBuddy\2026-07-21-06-30-02\qiushi_2026\pdf\issue_2026_07\着力打造新兴支柱产业.pdf,https://www.qstheory.cn/20260331/6367067effa74410af5a4afd83cda8a6/c.html
2026年第7期,7,以严格执法解决经济社会发展难题,,,,,F:\WorkBuddy\2026-07-21-06-30-02\qiushi_2026\pdf\issue_2026_07\以严格执法解决经济社会发展难题.pdf,https://www.qstheory.cn/20260331/58f9bfa862924004ba5a5ed2dc07aa64/c.html
2026年第7期,7,我们为什么创作《中华考工记》,,,,,F:\WorkBuddy\2026-07-21-06-30-02\qiushi_2026\pdf\issue_2026_07\我们为什么创作《中华考工记》.pdf,https://www.qstheory.cn/20260331/0d11be77f96a43b1a7dfef8050070967/c.html
2026年第7期,7,文化中国│天下为公、天下大同的社会理想,,,,,F:\WorkBuddy\2026-07-21-06-30-02\qiushi_2026\pdf\issue_2026_07\文化中国│天下为公、天下大同的社会理想.pdf,https://www.qstheory.cn/20260331/5803572985ad4b1c853af90c55e6c792/c.html
2026年第7期,7,百年易俗社探索发展的启示与思考,,,,,F:\WorkBuddy\2026-07-21-06-30-02\qiushi_2026\pdf\issue_2026_07\百年易俗社探索发展的启示与思考.pdf,https://www.qstheory.cn/20260331/aac4276b26314a96a18c2aa7ccd7e437/c.html
2026年第7期,7,美以伊冲突将把中东带往何方,,,,,F:\WorkBuddy\2026-07-21-06-30-02\qiushi_2026\pdf\issue_2026_07\美以伊冲突将把中东带往何方.pdf,https://www.qstheory.cn/20260331/d15f185977414e068195edb92b0d4053/c.html
2026年第7期,7,显绩与潜绩 等2则（党刊精选）,,,,,F:\WorkBuddy\2026-07-21-06-30-02\qiushi_2026\pdf\issue_2026_07\显绩与潜绩_等2则（党刊精选）.pdf,https://www.qstheory.cn/20260331/8b6a8b85404b4c9db1bac2fe0fc474b2/c.html
2026年第7期,7,统计图表：2026年1—2月国民经济重点领域主要指标情况,,,,,F:\WorkBuddy\2026-07-21-06-30-02\qiushi_2026\pdf\issue_2026_07\统计图表：2026年1—2月国民经济重点领域主要指标情况.pdf,https://www.qstheory.cn/20260331/47a0dab98d8740d0bbf069c89934bcaa/c.html
2026年第7期,7,“最美自然守护者”（英模人物）,,,,,F:\WorkBuddy\2026-07-21-06-30-02\qiushi_2026\pdf\issue_2026_07\“最美自然守护者”（英模人物）.pdf,https://www.qstheory.cn/20260331/6a628de62cf6435684d53c510a8ecf9b/c.html
2026年第8期,8,本期导读,,,,,F:\WorkBuddy\2026-07-21-06-30-02\qiushi_2026\pdf\issue_2026_08\本期导读.pdf,https://www.qstheory.cn/20260415/c7c510a6d555431cb76949bb7b85d61d/c.html
2026年第8期,8,推动全民阅读，建设书香社会,,,,,F:\WorkBuddy\2026-07-21-06-30-02\qiushi_2026\pdf\issue_2026_08\推动全民阅读，建设书香社会.pdf,https://www.qstheory.cn/20260415/eb2be76d239d4fa4a0ef3a9a9d82b970/c.html
2026年第8期,8,让阅读成为一种生活方式,,,,,F:\WorkBuddy\2026-07-21-06-30-02\qiushi_2026\pdf\issue_2026_08\让阅读成为一种生活方式.pdf,https://www.qstheory.cn/20260415/5701683580f14d6e9de39c0767123e8c/c.html
2026年第8期,8,把全民阅读工作做深做实,,,,,F:\WorkBuddy\2026-07-21-06-30-02\qiushi_2026\pdf\issue_2026_08\把全民阅读工作做深做实.pdf,https://www.qstheory.cn/20260415/7ee1e140ebac4017ba94de280708c85b/c.html
2026年第8期,8,抓好全民阅读这个基本文化建设,,,,,F:\WorkBuddy\2026-07-21-06-30-02\qiushi_2026\pdf\issue_2026_08\抓好全民阅读这个基本文化建设.pdf,https://www.qstheory.cn/20260415/9c98891de8ab42f7a6abba01fedacd9e/c.html
2026年第8期,8,以书香校园助力青少年健康成长,,,,,F:\WorkBuddy\2026-07-21-06-30-02\qiushi_2026\pdf\issue_2026_08\以书香校园助力青少年健康成长.pdf,https://www.qstheory.cn/20260415/841a3fcac73948e99d5222714fb319df/c.html
2026年第8期,8,把服务业发展摆在更加突出位置,,,,,F:\WorkBuddy\2026-07-21-06-30-02\qiushi_2026\pdf\issue_2026_08\把服务业发展摆在更加突出位置.pdf,https://www.qstheory.cn/20260415/cee158437daf4457a7a268a3d8898090/c.html
2026年第8期,8,体系化学理化研究阐释│法治实施论,,,,,F:\WorkBuddy\2026-07-21-06-30-02\qiushi_2026\pdf\issue_2026_08\体系化学理化研究阐释│法治实施论.pdf,https://www.qstheory.cn/20260415/8513e979156b4ee4b391e842bc955f1f/c.html
2026年第8期,8,以更大决心和举措优化营商环境,,,,,F:\WorkBuddy\2026-07-21-06-30-02\qiushi_2026\pdf\issue_2026_08\以更大决心和举措优化营商环境.pdf,https://www.qstheory.cn/20260415/a7843662c3e54a6da57935edebc3291d/c.html
2026年第8期,8,珠三角制造业的“破”与“立”,,,,,F:\WorkBuddy\2026-07-21-06-30-02\qiushi_2026\pdf\issue_2026_08\珠三角制造业的“破”与“立”.pdf,https://www.qstheory.cn/20260415/19b8ed02fbb4468fa01b125822aab19b/c.html
2026年第8期,8,求是专访│科技人才评价改革如何深入推进,,,,,F:\WorkBuddy\2026-07-21-06-30-02\qiushi_2026\pdf\issue_2026_08\求是专访│科技人才评价改革如何深入推进.pdf,https://www.qstheory.cn/20260415/e1ee58c6a8b54f53b5630d629eb723df/c.html
2026年第8期,8,提升护航高质量发展的国家安全能力,,,,,F:\WorkBuddy\2026-07-21-06-30-02\qiushi_2026\pdf\issue_2026_08\提升护航高质量发展的国家安全能力.pdf,https://www.qstheory.cn/20260415/31b9a8832e3c4aeeb9968aab8f64da33/c.html
2026年第8期,8,建设造福人民的法治化网络空间,,,,,F:\WorkBuddy\2026-07-21-06-30-02\qiushi_2026\pdf\issue_2026_08\建设造福人民的法治化网络空间.pdf,https://www.qstheory.cn/20260415/7a35d1a6c4c4409ba3b4dbd92db0531c/c.html
2026年第8期,8,深度调研│以行政监督更好破解执法突出问题,,,,,F:\WorkBuddy\2026-07-21-06-30-02\qiushi_2026\pdf\issue_2026_08\深度调研│以行政监督更好破解执法突出问题.pdf,https://www.qstheory.cn/20260415/c90e4d3b748944b4bc4adc4ee9fa0b71/c.html
2026年第8期,8,文化中国│九州共贯、多元一体的大一统传统,,,,,F:\WorkBuddy\2026-07-21-06-30-02\qiushi_2026\pdf\issue_2026_08\文化中国│九州共贯、多元一体的大一统传统.pdf,https://www.qstheory.cn/20260415/9e03b4c496ca43288426161931aec8ad/c.html
2026年第8期,8,美以伊冲突背后的美国霸权困境,,,,,F:\WorkBuddy\2026-07-21-06-30-02\qiushi_2026\pdf\issue_2026_08\美以伊冲突背后的美国霸权困境.pdf,https://www.qstheory.cn/20260415/dc444d1e6f10426e9d9af2b77ac0ca31/c.html
2026年第8期,8,怎样坚持对上负责和对下负责相统一,,,,,F:\WorkBuddy\2026-07-21-06-30-02\qiushi_2026\pdf\issue_2026_08\怎样坚持对上负责和对下负责相统一.pdf,https://www.qstheory.cn/20260415/cc79e5e1a8fb458497ed057023306336/c.html
2026年第8期,8,“破茧”方见天地宽,,,,,F:\WorkBuddy\2026-07-21-06-30-02\qiushi_2026\pdf\issue_2026_08\“破茧”方见天地宽.pdf,https://www.qstheory.cn/20260415/e830d45195364fb5b2330af947b867d6/c.html
2026年第8期,8,莫让“太平官”一路太平,,,,,F:\WorkBuddy\2026-07-21-06-30-02\qiushi_2026\pdf\issue_2026_08\莫让“太平官”一路太平.pdf,https://www.qstheory.cn/20260415/13e5b2a155df48e3bbde2488449be252/c.html
2026年第8期,8,别把“旧账”当“包袱” 等2则（党刊精选）,,,,,F:\WorkBuddy\2026-07-21-06-30-02\qiushi_2026\pdf\issue_2026_08\别把“旧账”当“包袱”_等2则（党刊精选）.pdf,https://www.qstheory.cn/20260415/25e33b8b97034ee5982e224d3c24851e/c.html
2026年第8期,8,统计图表：2025年世界主要经济体经济发展情况,,,,,F:\WorkBuddy\2026-07-21-06-30-02\qiushi_2026\pdf\issue_2026_08\统计图表：2025年世界主要经济体经济发展情况.pdf,https://www.qstheory.cn/20260415/97ef5d2bd1f844ccb514ae89d66f5fc0/c.html
2026年第8期,8,“最美高校毕业生”（英模人物）,,,,,F:\WorkBuddy\2026-07-21-06-30-02\qiushi_2026\pdf\issue_2026_08\“最美高校毕业生”（英模人物）.pdf,https://www.qstheory.cn/20260415/67ff965785d0404db3ee39aabd61ecb0/c.html
2026年第9期,9,本期导读,,,,,F:\WorkBuddy\2026-07-21-06-30-02\qiushi_2026\pdf\issue_2026_09\本期导读.pdf,https://www.qstheory.cn/20260430/fd19009cb523458ba1083ba028b0d47d/c.html
2026年第9期,9,在省部级主要领导干部学习贯彻党的二十届四中全会精神专题研讨班上的讲话,,,,,F:\WorkBuddy\2026-07-21-06-30-02\qiushi_2026\pdf\issue_2026_09\在省部级主要领导干部学习贯彻党的二十届四中全会精神专题研讨班上的讲话.pdf,https://www.qstheory.cn/20260430/44dc836951f5499ea6ef98f6a2a5ca75/c.html
2026年第9期,9,怎样把“十五五”蓝图化为现实,,,,,F:\WorkBuddy\2026-07-21-06-30-02\qiushi_2026\pdf\issue_2026_09\怎样把“十五五”蓝图化为现实.pdf,https://www.qstheory.cn/20260430/4ceaafbb24554368afb53e4af165cba9/c.html
2026年第9期,9,以高质量实施“十五五”规划推进中国式现代化建设,,,,,F:\WorkBuddy\2026-07-21-06-30-02\qiushi_2026\pdf\issue_2026_09\以高质量实施“十五五”规划推进中国式现代化建设.pdf,https://www.qstheory.cn/20260430/b5a7baa3d4cb4c3e8d40a469a5127e1c/c.html
2026年第9期,9,推动实现产业体系整体跃升,,,,,F:\WorkBuddy\2026-07-21-06-30-02\qiushi_2026\pdf\issue_2026_09\推动实现产业体系整体跃升.pdf,https://www.qstheory.cn/20260430/899b9cf003d040bab1456f28b7b56ed7/c.html
2026年第9期,9,提高国民经济循环质量和效率,,,,,F:\WorkBuddy\2026-07-21-06-30-02\qiushi_2026\pdf\issue_2026_09\提高国民经济循环质量和效率.pdf,https://www.qstheory.cn/20260430/d8b66fe183d043a9b6db06c7d80042c6/c.html
2026年第9期,9,以更大力度促进区域协调发展,,,,,F:\WorkBuddy\2026-07-21-06-30-02\qiushi_2026\pdf\issue_2026_09\以更大力度促进区域协调发展.pdf,https://www.qstheory.cn/20260430/4a7f7e91a94c40a7b26ce0e915697a58/c.html
2026年第9期,9,体系化学理化研究阐释│涉外法治论,,,,,F:\WorkBuddy\2026-07-21-06-30-02\qiushi_2026\pdf\issue_2026_09\体系化学理化研究阐释│涉外法治论.pdf,https://www.qstheory.cn/20260430/735297fbc6bd4b56b037f7ab031b0322/c.html
2026年第9期,9,推进生产性服务业向专业化和价值链高端延伸,,,,,F:\WorkBuddy\2026-07-21-06-30-02\qiushi_2026\pdf\issue_2026_09\推进生产性服务业向专业化和价值链高端延伸.pdf,https://www.qstheory.cn/20260430/03775ff088254481b01797298feed349/c.html
2026年第9期,9,求是专访│怎么看“十五五”开局首季经济成绩单,,,,,F:\WorkBuddy\2026-07-21-06-30-02\qiushi_2026\pdf\issue_2026_09\求是专访│怎么看“十五五”开局首季经济成绩单.pdf,https://www.qstheory.cn/20260430/1dcd3514caa04a9f99d46f903ad88b34/c.html
2026年第9期,9,深度调研│抢占智能时代制高点：我国人工智能产业发展调查,,,,,F:\WorkBuddy\2026-07-21-06-30-02\qiushi_2026\pdf\issue_2026_09\深度调研│抢占智能时代制高点：我国人工智能产业发展调查.pdf,https://www.qstheory.cn/20260430/fcfeb89054fe453ebe265f7e270917e9/c.html
2026年第9期,9,文化中国│厚德载物、明德弘道的精神追求,,,,,F:\WorkBuddy\2026-07-21-06-30-02\qiushi_2026\pdf\issue_2026_09\文化中国│厚德载物、明德弘道的精神追求.pdf,https://www.qstheory.cn/20260430/f6d8143d6e5942d1ba32887149fe690e/c.html
2026年第9期,9,数字艺术：融科技之力，展艺术之美,,,,,F:\WorkBuddy\2026-07-21-06-30-02\qiushi_2026\pdf\issue_2026_09\数字艺术：融科技之力，展艺术之美.pdf,https://www.qstheory.cn/20260430/39cb499a31e04a73857bdb1234655aa8/c.html
2026年第9期,9,美式“科工复合体”剖析,,,,,F:\WorkBuddy\2026-07-21-06-30-02\qiushi_2026\pdf\issue_2026_09\美式“科工复合体”剖析.pdf,https://www.qstheory.cn/20260430/d5b57c0ed029423e8b8bbb363e100aac/c.html
2026年第9期,9,从世界观看政绩观,,,,,F:\WorkBuddy\2026-07-21-06-30-02\qiushi_2026\pdf\issue_2026_09\从世界观看政绩观.pdf,https://www.qstheory.cn/20260430/27d8275e167142418a5d8c6d9b50cf57/c.html
2026年第9期,9,治理“烂尾楼”也能出政绩,,,,,F:\WorkBuddy\2026-07-21-06-30-02\qiushi_2026\pdf\issue_2026_09\治理“烂尾楼”也能出政绩.pdf,https://www.qstheory.cn/20260430/7331b513da64439eac1a2e86e62c8904/c.html
2026年第9期,9,“翻烧饼”翻不出真业绩 等2则（党刊精选）,,,,,F:\WorkBuddy\2026-07-21-06-30-02\qiushi_2026\pdf\issue_2026_09\“翻烧饼”翻不出真业绩_等2则（党刊精选）.pdf,https://www.qstheory.cn/20260430/e78648c0ad8543e6960f8488036e7c63/c.html
2026年第9期,9,统计图表：2026年1—3月国民经济主要指标,,,,,F:\WorkBuddy\2026-07-21-06-30-02\qiushi_2026\pdf\issue_2026_09\统计图表：2026年1—3月国民经济主要指标.pdf,https://www.qstheory.cn/20260430/7299d396cee94d83bc3304b4aa125156/c.html
2026年第9期,9,2026年“最美巾帼奋斗者”（英模人物）,,,,,F:\WorkBuddy\2026-07-21-06-30-02\qiushi_2026\pdf\issue_2026_09\2026年“最美巾帼奋斗者”（英模人物）.pdf,https://www.qstheory.cn/20260430/59b52236f0664198879cdd1121d11a30/c.html
2026年第10期,10,本期导读,,,,,F:\WorkBuddy\2026-07-21-06-30-02\qiushi_2026\pdf\issue_2026_10\本期导读.pdf,https://www.qstheory.cn/20260515/24ef9b2dc8594afaa819392c8bdebdc5/c.html
2026年第10期,10,做强做优做大实体经济,,,,,F:\WorkBuddy\2026-07-21-06-30-02\qiushi_2026\pdf\issue_2026_10\做强做优做大实体经济.pdf,https://www.qstheory.cn/20260515/b875d723c32f4df8876d45f7b178aa33/c.html
2026年第10期,10,怎样巩固壮大实体经济根基,,,,,F:\WorkBuddy\2026-07-21-06-30-02\qiushi_2026\pdf\issue_2026_10\怎样巩固壮大实体经济根基.pdf,https://www.qstheory.cn/20260515/e74d34ccbe8646cd8986f3217bd9e3f0/c.html
2026年第10期,10,以制造业为基础发展壮大实体经济,,,,,F:\WorkBuddy\2026-07-21-06-30-02\qiushi_2026\pdf\issue_2026_10\以制造业为基础发展壮大实体经济.pdf,https://www.qstheory.cn/20260515/dd386cc6795a4a77b94764c657e9233f/c.html
2026年第10期,10,以先进制造业为骨干建设现代化产业体系,,,,,F:\WorkBuddy\2026-07-21-06-30-02\qiushi_2026\pdf\issue_2026_10\以先进制造业为骨干建设现代化产业体系.pdf,https://www.qstheory.cn/20260515/e1913892f6634cac872ceae81d8b78b9/c.html
2026年第10期,10,持续提升金融服务实体经济能力,,,,,F:\WorkBuddy\2026-07-21-06-30-02\qiushi_2026\pdf\issue_2026_10\持续提升金融服务实体经济能力.pdf,https://www.qstheory.cn/20260515/37be644d08e74bc5b6a7fa7e3785531f/c.html
2026年第10期,10,加快建设高素质产业工人大军,,,,,F:\WorkBuddy\2026-07-21-06-30-02\qiushi_2026\pdf\issue_2026_10\加快建设高素质产业工人大军.pdf,https://www.qstheory.cn/20260515/a5d36e15222c4b98b7c70c1893c20c20/c.html
2026年第10期,10,以更大力度更实举措加强基础研究,,,,,F:\WorkBuddy\2026-07-21-06-30-02\qiushi_2026\pdf\issue_2026_10\以更大力度更实举措加强基础研究.pdf,https://www.qstheory.cn/20260515/3488baaf70e94b89abb668d7ce7d5e0d/c.html
2026年第10期,10,加快构建中国哲学社会科学自主知识体系,,,,,F:\WorkBuddy\2026-07-21-06-30-02\qiushi_2026\pdf\issue_2026_10\加快构建中国哲学社会科学自主知识体系.pdf,https://www.qstheory.cn/20260515/8fb7bc2ea6ff4bf289a4a9770d54aff4/c.html
2026年第10期,10,体系化学理化研究阐释│法治监督论,,,,,F:\WorkBuddy\2026-07-21-06-30-02\qiushi_2026\pdf\issue_2026_10\体系化学理化研究阐释│法治监督论.pdf,https://www.qstheory.cn/20260515/9d2fc5f2d4bc4ff6bb927fef2e85267a/c.html
2026年第10期,10,深度调研│我国要素市场化配置改革的现实问题与有效路径,,,,,F:\WorkBuddy\2026-07-21-06-30-02\qiushi_2026\pdf\issue_2026_10\深度调研│我国要素市场化配置改革的现实问题与有效路径.pdf,https://www.qstheory.cn/20260515/eec73afef6fb4041801bbe61a7bf535c/c.html
2026年第10期,10,准确把握人工智能发展前沿与竞争格局,,,,,F:\WorkBuddy\2026-07-21-06-30-02\qiushi_2026\pdf\issue_2026_10\准确把握人工智能发展前沿与竞争格局.pdf,https://www.qstheory.cn/20260515/a9132f0ae2814f3c88eb44300722d4f8/c.html
2026年第10期,10,求是专访│如何认识和打造智能经济新形态,,,,,F:\WorkBuddy\2026-07-21-06-30-02\qiushi_2026\pdf\issue_2026_10\求是专访│如何认识和打造智能经济新形态.pdf,https://www.qstheory.cn/20260515/204b269eae254404af3c244f754803d4/c.html
2026年第10期,10,把青年就业摆在更加突出位置,,,,,F:\WorkBuddy\2026-07-21-06-30-02\qiushi_2026\pdf\issue_2026_10\把青年就业摆在更加突出位置.pdf,https://www.qstheory.cn/20260515/dedf9a6ee48c46ffbd1ab4b42cd25a77/c.html
2026年第10期,10,文化中国│执两用中、守中致和的思维方法,,,,,F:\WorkBuddy\2026-07-21-06-30-02\qiushi_2026\pdf\issue_2026_10\文化中国│执两用中、守中致和的思维方法.pdf,https://www.qstheory.cn/20260515/b372b9a8e20442d087a4d1f26e3b808c/c.html
2026年第10期,10,让中国声音传得更远更广更深入,,,,,F:\WorkBuddy\2026-07-21-06-30-02\qiushi_2026\pdf\issue_2026_10\让中国声音传得更远更广更深入.pdf,https://www.qstheory.cn/20260515/b5790482478d432b923fbd935b4fea2e/c.html
2026年第10期,10,政绩观和舆情观,,,,,F:\WorkBuddy\2026-07-21-06-30-02\qiushi_2026\pdf\issue_2026_10\政绩观和舆情观.pdf,https://www.qstheory.cn/20260515/b87db6a24bed4a63afcfb261d3ae978f/c.html
2026年第10期,10,反对文牍主义和繁琐哲学,,,,,F:\WorkBuddy\2026-07-21-06-30-02\qiushi_2026\pdf\issue_2026_10\反对文牍主义和繁琐哲学.pdf,https://www.qstheory.cn/20260515/41990226e055449b92a8e6fa0423cc37/c.html
2026年第10期,10,坚决纠治数据造假背后的政绩观偏差 等2则（党刊精选）,,,,,F:\WorkBuddy\2026-07-21-06-30-02\qiushi_2026\pdf\issue_2026_10\坚决纠治数据造假背后的政绩观偏差_等2则（党刊精选）.pdf,https://www.qstheory.cn/20260515/7a14414d23d34888b8bcf550c6c11818/c.html
2026年第10期,10,统计图表：2026年一季度全国规模以上文化及相关产业企业主要指标情况,,,,,F:\WorkBuddy\2026-07-21-06-30-02\qiushi_2026\pdf\issue_2026_10\统计图表：2026年一季度全国规模以上文化及相关产业企业主要指标情况.pdf,https://www.qstheory.cn/20260515/8b0cf8da6e0c41f490e6389c8d6e9c75/c.html
2026年第10期,10,上海“模速空间”大模型创新生态社区青年团队（英模人物）,,,,,F:\WorkBuddy\2026-07-21-06-30-02\qiushi_2026\pdf\issue_2026_10\上海“模速空间”大模型创新生态社区青年团队（英模人物）.pdf,https://www.qstheory.cn/20260515/4b4fb25a2a144e218973aadc4eae1a59/c.html
2026年第11期,11,本期导读,,,,,F:\WorkBuddy\2026-07-21-06-30-02\qiushi_2026\pdf\issue_2026_11\本期导读.pdf,https://www.qstheory.cn/20260530/c68495420dd4468eb30380db54309152/c.html
2026年第11期,11,前瞻布局和发展未来产业,,,,,F:\WorkBuddy\2026-07-21-06-30-02\qiushi_2026\pdf\issue_2026_11\前瞻布局和发展未来产业.pdf,https://www.qstheory.cn/20260530/8fa0ec6956ee4bf2ade0e366ce29a722/c.html
2026年第11期,11,未来产业何以塑造产业发展未来,,,,,F:\WorkBuddy\2026-07-21-06-30-02\qiushi_2026\pdf\issue_2026_11\未来产业何以塑造产业发展未来.pdf,https://www.qstheory.cn/20260530/84a9f88fb33e4f01bc465432720ba270/c.html
2026年第11期,11,以高水平科技自立自强引领未来产业发展,,,,,F:\WorkBuddy\2026-07-21-06-30-02\qiushi_2026\pdf\issue_2026_11\以高水平科技自立自强引领未来产业发展.pdf,https://www.qstheory.cn/20260530/bafec701bbca4bb08acee99d07807249/c.html
2026年第11期,11,以源头创新夯实未来产业发展根基,,,,,F:\WorkBuddy\2026-07-21-06-30-02\qiushi_2026\pdf\issue_2026_11\以源头创新夯实未来产业发展根基.pdf,https://www.qstheory.cn/20260530/0fd9eeeafb3f41c5a2f4761d1cec59d4/c.html
2026年第11期,11,科学认识和培育发展未来产业,,,,,F:\WorkBuddy\2026-07-21-06-30-02\qiushi_2026\pdf\issue_2026_11\科学认识和培育发展未来产业.pdf,https://www.qstheory.cn/20260530/937b1d5b08f7497dbae9b0741b7d54eb/c.html
2026年第11期,11,推动平台经济创新和健康发展,,,,,F:\WorkBuddy\2026-07-21-06-30-02\qiushi_2026\pdf\issue_2026_11\推动平台经济创新和健康发展.pdf,https://www.qstheory.cn/20260530/dbb4a4efdd17410f97d348000385fc46/c.html
2026年第11期,11,华为“韬定律”揭示了什么,,,,,F:\WorkBuddy\2026-07-21-06-30-02\qiushi_2026\pdf\issue_2026_11\华为“韬定律”揭示了什么.pdf,https://www.qstheory.cn/20260530/c462c73e2ec343baa2d89aa3278305a0/c.html
2026年第11期,11,打造东中部产业向西转移重要承接地,,,,,F:\WorkBuddy\2026-07-21-06-30-02\qiushi_2026\pdf\issue_2026_11\打造东中部产业向西转移重要承接地.pdf,https://www.qstheory.cn/20260530/071d63f783144826b129ae2529d5fc0f/c.html
2026年第11期,11,体系化学理化研究阐释│科学立法论,,,,,F:\WorkBuddy\2026-07-21-06-30-02\qiushi_2026\pdf\issue_2026_11\体系化学理化研究阐释│科学立法论.pdf,https://www.qstheory.cn/20260530/dd4e82d0f14b40deafc0335293e7eabf/c.html
2026年第11期,11,深度调研│知识产权司法如何更好保护促进科技创新,,,,,F:\WorkBuddy\2026-07-21-06-30-02\qiushi_2026\pdf\issue_2026_11\深度调研│知识产权司法如何更好保护促进科技创新.pdf,https://www.qstheory.cn/20260530/cd87c3451bfc4e159a844cea97d0b205/c.html
2026年第11期,11,以公正司法维护社会公平正义,,,,,F:\WorkBuddy\2026-07-21-06-30-02\qiushi_2026\pdf\issue_2026_11\以公正司法维护社会公平正义.pdf,https://www.qstheory.cn/20260530/d2777d71690a4fd9a1f80d6934e622e6/c.html
2026年第11期,11,文化中国│实事求是、知行合一的哲学思想,,,,,F:\WorkBuddy\2026-07-21-06-30-02\qiushi_2026\pdf\issue_2026_11\文化中国│实事求是、知行合一的哲学思想.pdf,https://www.qstheory.cn/20260530/07d7ab5244f34994b3d8d803af3ae2b6/c.html
2026年第11期,11,在传承中华文脉中促进文化创新创造,,,,,F:\WorkBuddy\2026-07-21-06-30-02\qiushi_2026\pdf\issue_2026_11\在传承中华文脉中促进文化创新创造.pdf,https://www.qstheory.cn/20260530/00a435d824824a14a4b0282f3f1e5750/c.html
2026年第11期,11,生成式人工智能与知识生产创新,,,,,F:\WorkBuddy\2026-07-21-06-30-02\qiushi_2026\pdf\issue_2026_11\生成式人工智能与知识生产创新.pdf,https://www.qstheory.cn/20260530/6baaf2f7a9a74c7baaadbee8ace8d36c/c.html
2026年第11期,11,求是专访│持续有效推进校园文化建设,,,,,F:\WorkBuddy\2026-07-21-06-30-02\qiushi_2026\pdf\issue_2026_11\求是专访│持续有效推进校园文化建设.pdf,https://www.qstheory.cn/20260530/ccc30173cc6e488dbed16fc57957e2ca/c.html
2026年第11期,11,新时代如何推动儿童文学繁荣发展,,,,,F:\WorkBuddy\2026-07-21-06-30-02\qiushi_2026\pdf\issue_2026_11\新时代如何推动儿童文学繁荣发展.pdf,https://www.qstheory.cn/20260530/692e6fdc89fa449fa612eb6939d29bc9/c.html
2026年第11期,11,从《给阿嬷的情书》看现实主义电影创作,,,,,F:\WorkBuddy\2026-07-21-06-30-02\qiushi_2026\pdf\issue_2026_11\从《给阿嬷的情书》看现实主义电影创作.pdf,https://www.qstheory.cn/20260530/a955b6799ba945d48ccd45ecfc410e43/c.html
2026年第11期,11,认清日本“新型军国主义”现实威胁,,,,,F:\WorkBuddy\2026-07-21-06-30-02\qiushi_2026\pdf\issue_2026_11\认清日本“新型军国主义”现实威胁.pdf,https://www.qstheory.cn/20260530/85d3b0ba3d4647ed98fd5de4b121a674/c.html
2026年第11期,11,我国古代的政绩观念与政绩考核,,,,,F:\WorkBuddy\2026-07-21-06-30-02\qiushi_2026\pdf\issue_2026_11\我国古代的政绩观念与政绩考核.pdf,https://www.qstheory.cn/20260530/3dbe9cea8e4b47bbbcdbd7026a2138f6/c.html
2026年第11期,11,踏踏实实为群众办事就是政绩,,,,,F:\WorkBuddy\2026-07-21-06-30-02\qiushi_2026\pdf\issue_2026_11\踏踏实实为群众办事就是政绩.pdf,https://www.qstheory.cn/20260530/846ff985a5584729a1e3b8611326efe4/c.html
2026年第11期,11,警惕“不出错”也“不出彩”（党员来信）,,,,,F:\WorkBuddy\2026-07-21-06-30-02\qiushi_2026\pdf\issue_2026_11\警惕“不出错”也“不出彩”（党员来信）.pdf,https://www.qstheory.cn/20260530/550220db0eb7486d8145a981af63b674/c.html
2026年第11期,11,“接位”更要“接力”（党刊精选）,,,,,F:\WorkBuddy\2026-07-21-06-30-02\qiushi_2026\pdf\issue_2026_11\“接位”更要“接力”（党刊精选）.pdf,https://www.qstheory.cn/20260530/102fd90603dd435a910e17a266ff71a2/c.html
2026年第11期,11,统计图表：2026年1—4月国民经济重点领域主要指标情况,,,,,F:\WorkBuddy\2026-07-21-06-30-02\qiushi_2026\pdf\issue_2026_11\统计图表：2026年1—4月国民经济重点领域主要指标情况.pdf,https://www.qstheory.cn/20260530/ed2fc97a6fab45eb98265b74599416d6/c.html
2026年第11期,11,极地考察站青年突击队（英模人物）,,,,,F:\WorkBuddy\2026-07-21-06-30-02\qiushi_2026\pdf\issue_2026_11\极地考察站青年突击队（英模人物）.pdf,https://www.qstheory.cn/20260530/abc9b1d972da4a10abf5c6713468c165/c.html
2026年第12期,12,本期导读,,,,,F:\WorkBuddy\2026-07-21-06-30-02\qiushi_2026\pdf\issue_2026_12\本期导读.pdf,https://www.qstheory.cn/20260616/db1c298255b641e997626b4c0c22cb26/c.html
2026年第12期,12,一体推进教育科技人才发展,,,,,F:\WorkBuddy\2026-07-21-06-30-02\qiushi_2026\pdf\issue_2026_12\一体推进教育科技人才发展.pdf,https://www.qstheory.cn/20260615/85e9f1e6f80448dc8324166577b6e68d/c.html
2026年第12期,12,以一体推进教育科技人才发展支撑中国式现代化,,,,,F:\WorkBuddy\2026-07-21-06-30-02\qiushi_2026\pdf\issue_2026_12\以一体推进教育科技人才发展支撑中国式现代化.pdf,https://www.qstheory.cn/20260615/00ccc3a021ac42369c3756837f157fb6/c.html
2026年第12期,12,以体制机制改革激发人才创新创造活力,,,,,F:\WorkBuddy\2026-07-21-06-30-02\qiushi_2026\pdf\issue_2026_12\以体制机制改革激发人才创新创造活力.pdf,https://www.qstheory.cn/20260615/5fe2c45056144c47b0851ea75946aaf9/c.html
2026年第12期,12,深刻把握教育科技人才一体发展的实践要求,,,,,F:\WorkBuddy\2026-07-21-06-30-02\qiushi_2026\pdf\issue_2026_12\深刻把握教育科技人才一体发展的实践要求.pdf,https://www.qstheory.cn/20260615/7af642397c25475691153d805e027ea9/c.html
2026年第12期,12,高水平研究型大学如何一体推进教育科技人才发展,,,,,F:\WorkBuddy\2026-07-21-06-30-02\qiushi_2026\pdf\issue_2026_12\高水平研究型大学如何一体推进教育科技人才发展.pdf,https://www.qstheory.cn/20260615/d78bd08ae0e1405483ba866ce35ba2c9/c.html
2026年第12期,12,深入学习宣传贯彻习近平党建思想 不断开创管党治党、兴党强党新局面,,,,,F:\WorkBuddy\2026-07-21-06-30-02\qiushi_2026\pdf\issue_2026_12\深入学习宣传贯彻习近平党建思想_不断开创管党治党、兴党强党新局面.pdf,https://www.qstheory.cn/20260616/f9957621388a4f68ae60dd32abb69c65/c.html
2026年第12期,12,体系化学理化研究阐释│,,,,,F:\WorkBuddy\2026-07-21-06-30-02\qiushi_2026\pdf\issue_2026_12\体系化学理化研究阐释│.pdf,https://www.qstheory.cn/20260615/72142bca2fbc4974b8fa57ea5518e4f0/c.html
2026年第12期,12,生态环境保护该算怎样的政绩账,,,,,F:\WorkBuddy\2026-07-21-06-30-02\qiushi_2026\pdf\issue_2026_12\生态环境保护该算怎样的政绩账.pdf,https://www.qstheory.cn/20260615/04d8ee120f1d44168961286e9224d30b/c.html
2026年第12期,12,求是专访│着力破解生活性服务业的卡点堵点,,,,,F:\WorkBuddy\2026-07-21-06-30-02\qiushi_2026\pdf\issue_2026_12\求是专访│着力破解生活性服务业的卡点堵点.pdf,https://www.qstheory.cn/20260615/4e151e4cc8944008ba2547edeea71086/c.html
2026年第12期,12,深度调研│产科教融合的新挑战与新路径,,,,,F:\WorkBuddy\2026-07-21-06-30-02\qiushi_2026\pdf\issue_2026_12\深度调研│产科教融合的新挑战与新路径.pdf,https://www.qstheory.cn/20260615/0afaac82ed724bb7852ed74cad47faa1/c.html
2026年第12期,12,准确理解和把握投资于人的要求,,,,,F:\WorkBuddy\2026-07-21-06-30-02\qiushi_2026\pdf\issue_2026_12\准确理解和把握投资于人的要求.pdf,https://www.qstheory.cn/20260615/5734bf690c4644199c875899d6567fef/c.html
2026年第12期,12,以正确政绩观推动高校改革发展,,,,,F:\WorkBuddy\2026-07-21-06-30-02\qiushi_2026\pdf\issue_2026_12\以正确政绩观推动高校改革发展.pdf,https://www.qstheory.cn/20260615/f7ba830f59284826b2fc833c6203a09a/c.html
2026年第12期,12,智能时代更需要让教育生动起来,,,,,F:\WorkBuddy\2026-07-21-06-30-02\qiushi_2026\pdf\issue_2026_12\智能时代更需要让教育生动起来.pdf,https://www.qstheory.cn/20260615/49cdd897dd8841c2b04094e827f9b8c2/c.html
2026年第12期,12,文化中国│富民厚生、义利兼顾的经济伦理,,,,,F:\WorkBuddy\2026-07-21-06-30-02\qiushi_2026\pdf\issue_2026_12\文化中国│富民厚生、义利兼顾的经济伦理.pdf,https://www.qstheory.cn/20260615/03ed8e1331ba4b65b2bb70d06fcf7b87/c.html
2026年第12期,12,中华文明突出特性与文明秩序,,,,,F:\WorkBuddy\2026-07-21-06-30-02\qiushi_2026\pdf\issue_2026_12\中华文明突出特性与文明秩序.pdf,https://www.qstheory.cn/20260615/461d02c46e7546dfb2f1896f746ff43a/c.html
2026年第12期,12,互联网与新大众文艺的活力,,,,,F:\WorkBuddy\2026-07-21-06-30-02\qiushi_2026\pdf\issue_2026_12\互联网与新大众文艺的活力.pdf,https://www.qstheory.cn/20260615/a31f0d7502bd44c68903266535715a1f/c.html
2026年第12期,12,欧洲经济增长困境与政治光谱变化,,,,,F:\WorkBuddy\2026-07-21-06-30-02\qiushi_2026\pdf\issue_2026_12\欧洲经济增长困境与政治光谱变化.pdf,https://www.qstheory.cn/20260615/223a7b54c987497baefba2aca7c34321/c.html
2026年第12期,12,善于补位也是一种担当（党员来信）,,,,,F:\WorkBuddy\2026-07-21-06-30-02\qiushi_2026\pdf\issue_2026_12\善于补位也是一种担当（党员来信）.pdf,https://www.qstheory.cn/20260615/761c719979f1492fbc17149524d79a21/c.html
2026年第12期,12,不比“唱功”比“做功”（党刊精选）,,,,,F:\WorkBuddy\2026-07-21-06-30-02\qiushi_2026\pdf\issue_2026_12\不比“唱功”比“做功”（党刊精选）.pdf,https://www.qstheory.cn/20260615/b0ee29d3018646dbb0efd7fc4c1b9694/c.html
2026年第12期,12,统计图表：2025年东部、中部、西部及东北地区主要经济指标,,,,,F:\WorkBuddy\2026-07-21-06-30-02\qiushi_2026\pdf\issue_2026_12\统计图表：2025年东部、中部、西部及东北地区主要经济指标.pdf,https://www.qstheory.cn/20260615/3e50302ff99147dfb3542a8d2ee43756/c.html
2026年第13期,13,本期导读,,,,,F:\WorkBuddy\2026-07-21-06-30-02\qiushi_2026\pdf\issue_2026_13\本期导读.pdf,https://www.qstheory.cn/20260701/8a2f0c46a05f44a0a61bd1083796ba05/c.html
2026年第13期,13,做焦裕禄式的县委书记,,,,,F:\WorkBuddy\2026-07-21-06-30-02\qiushi_2026\pdf\issue_2026_13\做焦裕禄式的县委书记.pdf,https://www.qstheory.cn/20260630/785160b1758842f1be6375d0be8d2c34/c.html
2026年第13期,13,努力当好“四有”县委书记,,,,,F:\WorkBuddy\2026-07-21-06-30-02\qiushi_2026\pdf\issue_2026_13\努力当好“四有”县委书记.pdf,https://www.qstheory.cn/20260630/6f5991c3dff24f8bae95e7ff28e79daf/c.html
2026年第13期,13,培养造就一支高素质县委书记队伍,,,,,F:\WorkBuddy\2026-07-21-06-30-02\qiushi_2026\pdf\issue_2026_13\培养造就一支高素质县委书记队伍.pdf,https://www.qstheory.cn/20260630/1a57208929a746c9847286c68ecb2a2e/c.html
2026年第13期,13,县委书记要牢固树立和践行正确政绩观,,,,,F:\WorkBuddy\2026-07-21-06-30-02\qiushi_2026\pdf\issue_2026_13\县委书记要牢固树立和践行正确政绩观.pdf,https://www.qstheory.cn/20260630/cb18f5ae8eb549cf985e9875a426633f/c.html
2026年第13期,13,社论：在新征程上奋力谱写强党强国新篇章,,,,,F:\WorkBuddy\2026-07-21-06-30-02\qiushi_2026\pdf\issue_2026_13\社论：在新征程上奋力谱写强党强国新篇章.pdf,https://www.qstheory.cn/20260701/7bcdd7c976e64eea82e9b2269bd06bd2/c.html
2026年第13期,13,加强‌新时代党的建设的根本遵循,,,,,F:\WorkBuddy\2026-07-21-06-30-02\qiushi_2026\pdf\issue_2026_13\加强‌新时代党的建设的根本遵循.pdf,https://www.qstheory.cn/20260630/b5cab48a04d44a3496d36fd786a2118b/c.html
2026年第13期,13,充分挖掘和释放投资潜力,,,,,F:\WorkBuddy\2026-07-21-06-30-02\qiushi_2026\pdf\issue_2026_13\充分挖掘和释放投资潜力.pdf,https://www.qstheory.cn/20260630/ee075877708f443a8ff5c0046b16a178/c.html
2026年第13期,13,求是专访│着力破解生产性服务业发展的卡点堵点,,,,,F:\WorkBuddy\2026-07-21-06-30-02\qiushi_2026\pdf\issue_2026_13\求是专访│着力破解生产性服务业发展的卡点堵点.pdf,https://www.qstheory.cn/20260630/ba4149cd86b643108ff04ab0a0a90611/c.html
2026年第13期,13,从战略上发展壮大耐心资本,,,,,F:\WorkBuddy\2026-07-21-06-30-02\qiushi_2026\pdf\issue_2026_13\从战略上发展壮大耐心资本.pdf,https://www.qstheory.cn/20260630/306de0398d974b8487ec75baafa39876/c.html
2026年第13期,13,深度调研│雄安新区调查：新时代城市发展的新路径,,,,,F:\WorkBuddy\2026-07-21-06-30-02\qiushi_2026\pdf\issue_2026_13\深度调研│雄安新区调查：新时代城市发展的新路径.pdf,https://www.qstheory.cn/20260630/bb914eec33894de3b38c9053a2d7f194/c.html
2026年第13期,13,中国特色解决民族问题正确道路的法治里程碑,,,,,F:\WorkBuddy\2026-07-21-06-30-02\qiushi_2026\pdf\issue_2026_13\中国特色解决民族问题正确道路的法治里程碑.pdf,https://www.qstheory.cn/20260630/5ed4364704cd47b9b15c2cd91fe03568/c.html
2026年第13期,13,《大唐诗人传》何以映照千年文脉气象,,,,,F:\WorkBuddy\2026-07-21-06-30-02\qiushi_2026\pdf\issue_2026_13\《大唐诗人传》何以映照千年文脉气象.pdf,https://www.qstheory.cn/20260630/6ceb6ef250bc4678933c16ae84b51aff/c.html
2026年第13期,13,文化中国│天人合一、万物并育的生态理念,,,,,F:\WorkBuddy\2026-07-21-06-30-02\qiushi_2026\pdf\issue_2026_13\文化中国│天人合一、万物并育的生态理念.pdf,https://www.qstheory.cn/20260630/b88638824555443e93f5b97f0fcea6e9/c.html
2026年第13期,13,从文化遗产保护看政绩观,,,,,F:\WorkBuddy\2026-07-21-06-30-02\qiushi_2026\pdf\issue_2026_13\从文化遗产保护看政绩观.pdf,https://www.qstheory.cn/20260630/0b1e35291e4b427493243d2c2536c165/c.html
2026年第13期,13,促进全球发展必须破除数字霸权,,,,,F:\WorkBuddy\2026-07-21-06-30-02\qiushi_2026\pdf\issue_2026_13\促进全球发展必须破除数字霸权.pdf,https://www.qstheory.cn/20260630/7d48450004134e4d8cbac23d2734bd1d/c.html
2026年第13期,13,父亲对我们的影响历久弥新,,,,,F:\WorkBuddy\2026-07-21-06-30-02\qiushi_2026\pdf\issue_2026_13\父亲对我们的影响历久弥新.pdf,https://www.qstheory.cn/20260630/513feeb0897e40b2a02ec9396c0464dc/c.html
2026年第13期,13,学习问答│如何认识坚持党的领导是中国特色社会主义最本质的特征,,,,,F:\WorkBuddy\2026-07-21-06-30-02\qiushi_2026\pdf\issue_2026_13\学习问答│如何认识坚持党的领导是中国特色社会主义最本质的特征.pdf,https://www.qstheory.cn/20260630/ae1961735e4947f2b104f074f7d0fddb/c.html
2026年第13期,13,惯例不能成为惯性,,,,,F:\WorkBuddy\2026-07-21-06-30-02\qiushi_2026\pdf\issue_2026_13\惯例不能成为惯性.pdf,https://www.qstheory.cn/20260630/a30de908fd204600b39afe4ac64d305e/c.html
2026年第13期,13,警惕干部“请示依赖症”,,,,,F:\WorkBuddy\2026-07-21-06-30-02\qiushi_2026\pdf\issue_2026_13\警惕干部“请示依赖症”.pdf,https://www.qstheory.cn/20260630/2711a55dba2b4819967874451276a7a9/c.html
2026年第13期,13,统计图表：2025年京津冀、长江经济带、长江三角洲主要经济指标,,,,,F:\WorkBuddy\2026-07-21-06-30-02\qiushi_2026\pdf\issue_2026_13\统计图表：2025年京津冀、长江经济带、长江三角洲主要经济指标.pdf,https://www.qstheory.cn/20260630/57fcfd4c90bf46d6884d55d27be7bc57/c.html
2026年第14期,14,本期导读,,,,,F:\WorkBuddy\2026-07-21-06-30-02\qiushi_2026\pdf\issue_2026_14\本期导读.pdf,https://www.qstheory.cn/20260715/0cc53fd2bea148cfbd2eee0fa7a7d511/c.html
2026年第14期,14,在庆祝中国共产党成立105周年大会上的讲话,,,,,F:\WorkBuddy\2026-07-21-06-30-02\qiushi_2026\pdf\issue_2026_14\在庆祝中国共产党成立105周年大会上的讲话.pdf,https://www.qstheory.cn/20260715/04aebc1bf2754c8a8c3c424efd26c53c/c.html
2026年第14期,14,满怀信心奋进强党强国新征程,,,,,F:\WorkBuddy\2026-07-21-06-30-02\qiushi_2026\pdf\issue_2026_14\满怀信心奋进强党强国新征程.pdf,https://www.qstheory.cn/20260715/4b6e50ec4d964e3c80c0ac0518c567d7/c.html
2026年第14期,14,以坚定历史自信不断开辟管党治党、兴党强党新境界,,,,,F:\WorkBuddy\2026-07-21-06-30-02\qiushi_2026\pdf\issue_2026_14\以坚定历史自信不断开辟管党治党、兴党强党新境界.pdf,https://www.qstheory.cn/20260715/6c2c962075d345119db1f92731a334a2/c.html
2026年第14期,14,发扬光大中国共产党的优秀特质,,,,,F:\WorkBuddy\2026-07-21-06-30-02\qiushi_2026\pdf\issue_2026_14\发扬光大中国共产党的优秀特质.pdf,https://www.qstheory.cn/20260715/962b329252d749c1b281b01e09ea3530/c.html
2026年第14期,14,何以“解码”中国共产党,,,,,F:\WorkBuddy\2026-07-21-06-30-02\qiushi_2026\pdf\issue_2026_14\何以“解码”中国共产党.pdf,https://www.qstheory.cn/20260715/1ebf8503161c448a9027393008f810f7/c.html
2026年第14期,14,打好科技强国建设攻坚战,,,,,F:\WorkBuddy\2026-07-21-06-30-02\qiushi_2026\pdf\issue_2026_14\打好科技强国建设攻坚战.pdf,https://www.qstheory.cn/20260715/01c61f4ff2af4af8bc50757dfff4976e/c.html
2026年第14期,14,以畅通经济循环提升居民消费率,,,,,F:\WorkBuddy\2026-07-21-06-30-02\qiushi_2026\pdf\issue_2026_14\以畅通经济循环提升居民消费率.pdf,https://www.qstheory.cn/20260715/f7a91daaa782465489c7c998e4429600/c.html
2026年第14期,14,“义乌发展经验”的理论内涵与时代价值,,,,,F:\WorkBuddy\2026-07-21-06-30-02\qiushi_2026\pdf\issue_2026_14\“义乌发展经验”的理论内涵与时代价值.pdf,https://www.qstheory.cn/20260715/2bf4ab67cdb5428fbfc223a081f18c73/c.html
2026年第14期,14,树牢正确政绩观必须注重打基础利长远,,,,,F:\WorkBuddy\2026-07-21-06-30-02\qiushi_2026\pdf\issue_2026_14\树牢正确政绩观必须注重打基础利长远.pdf,https://www.qstheory.cn/20260715/15c651ba2e784501a9eed47af476822e/c.html
2026年第14期,14,从体制机制着手筑牢国家粮食安全根基,,,,,F:\WorkBuddy\2026-07-21-06-30-02\qiushi_2026\pdf\issue_2026_14\从体制机制着手筑牢国家粮食安全根基.pdf,https://www.qstheory.cn/20260715/858dec79a290496ca37ae5fd42c16c14/c.html
2026年第14期,14,重视和加强财政科学管理,,,,,F:\WorkBuddy\2026-07-21-06-30-02\qiushi_2026\pdf\issue_2026_14\重视和加强财政科学管理.pdf,https://www.qstheory.cn/20260715/2bd94284e0a24d8fb07dda9e1a6b4f35/c.html
2026年第14期,14,让技术永远成为人的工具,,,,,F:\WorkBuddy\2026-07-21-06-30-02\qiushi_2026\pdf\issue_2026_14\让技术永远成为人的工具.pdf,https://www.qstheory.cn/20260715/8c44ab0d41524d7c9e8180e0e4831a0d/c.html
2026年第14期,14,文化中国│修齐治平、兴亡有责的家国情怀,,,,,F:\WorkBuddy\2026-07-21-06-30-02\qiushi_2026\pdf\issue_2026_14\文化中国│修齐治平、兴亡有责的家国情怀.pdf,https://www.qstheory.cn/20260715/bf3c80ad606246c1bdc3f9b33628254d/c.html
2026年第14期,14,从《四渡》看革命历史题材电影创作,,,,,F:\WorkBuddy\2026-07-21-06-30-02\qiushi_2026\pdf\issue_2026_14\从《四渡》看革命历史题材电影创作.pdf,https://www.qstheory.cn/20260715/94ba77a30b0949f1865ac673e0b85142/c.html
2026年第14期,14,从当前国际冲突频发看世界格局演变,,,,,F:\WorkBuddy\2026-07-21-06-30-02\qiushi_2026\pdf\issue_2026_14\从当前国际冲突频发看世界格局演变.pdf,https://www.qstheory.cn/20260715/0b895c8264504a0fa5824a7eedd1b78d/c.html
2026年第14期,14,深度调研│如何更好把新就业群体紧密团结凝聚在党的周围,,,,,F:\WorkBuddy\2026-07-21-06-30-02\qiushi_2026\pdf\issue_2026_14\深度调研│如何更好把新就业群体紧密团结凝聚在党的周围.pdf,https://www.qstheory.cn/20260715/2dfde48548584b5bbefec300e27cfdf2/c.html
2026年第14期,14,学习问答│如何认识坚持党中央集中统一领导是党的领导的最高原则,,,,,F:\WorkBuddy\2026-07-21-06-30-02\qiushi_2026\pdf\issue_2026_14\学习问答│如何认识坚持党中央集中统一领导是党的领导的最高原则.pdf,https://www.qstheory.cn/20260715/731d1fb27af24751951fbd32e2658d60/c.html
2026年第14期,14,多一些“想法子办”（党员来信）,,,,,F:\WorkBuddy\2026-07-21-06-30-02\qiushi_2026\pdf\issue_2026_14\多一些“想法子办”（党员来信）.pdf,https://www.qstheory.cn/20260715/ba1e6fcfd2fd498195d70e71282bf813/c.html
2026年第14期,14,警惕“防御性作为”倾向（党刊精选）,,,,,F:\WorkBuddy\2026-07-21-06-30-02\qiushi_2026\pdf\issue_2026_14\警惕“防御性作为”倾向（党刊精选）.pdf,https://www.qstheory.cn/20260715/250924fe1d9a43bf8a0c0de1fc5c4562/c.html
2026年第14期,14,统计图表：2025年全国文化及相关产业主要指标,,,,,F:\WorkBuddy\2026-07-21-06-30-02\qiushi_2026\pdf\issue_2026_14\统计图表：2025年全国文化及相关产业主要指标.pdf,https://www.qstheory.cn/20260715/d3f341ec2220493a89f307dc49df82bd/c.html
